Symbol,ISIN,Quantity,Buy Value,Sell Value,Realized P&L,Realized P&L Pct.,Previous Closing Price,Open Quantity,Open Quantity Type,Open Value,Unrealized P&L,Unrealized P&L Pct.,Year
ABBOTINDIA,INE358A01014,0,0,0,0,0,27899.65,1,,7704.85,20194.8,262.105,2020
ABCAPITAL,INE674K01013,0,0,0,0,0,358.7,98,,11915.45,23237.15,195.017,2020
ABFRL,INE647O01011,8,809.05,1173.2,364.15,45.0096,72.8,62,,8243.5,-3729.9,-45.2466,2020
ALOKINDS,INE270A01029,0,0,0,0,0,15.82,161,,5294.5,-2747.48,-51.8931,2020
AMARJOTHI-X,INE484D01012,2,381.85,140.8,-241.05,-63.1269,0,0,,0,0,0,2020
ASHOKLEY,INE208A01029,63,5312.4,5246.95,-65.45,-1.232,0,0,,0,0,0,2020
ASIANPAINT,INE021A01026,0,0,0,0,0,2815.35,7,,9455.85,10251.6,108.4154,2020
BAJAJFINSV,INE918I01026,1,4912.1,5193.25,281.15,5.7236,0,0,,0,0,0,2020
BEPL,INE922A01025,170,10549.3,10089.5,-459.8,-4.3586,0,0,,0,0,0,2020
BIRLAMONEY,INE865C01022,190,8404.9,6346.75,-2058.15,-24.4875,0,0,,0,0,0,2020
BRITANNIA,INE216A01030,0,0,0,0,0,5906.5,6,,16214,19225,118.5704,2020
BRITANNIA-N2,INE216A07052,0,0,0,0,0,32.2,5,,0,161,0,2020
DELTACORP,INE124G01033,45,4003.75,6655.5,2651.75,66.2317,72.74,25,,1609.8,208.7,12.9643,2020
FRETAIL-Z,INE752P01024,10,1080,1050,-30,-2.7778,0,0,,0,0,0,2020
GMBREW,INE075D01018,0,0,0,0,0,1033.6,15,,7487.95,8016.05,107.0527,2020
HDFCLIFE,INE795G01014,2,768.7,691,-77.7,-10.108,743.2,17,,8830.95,3803.45,43.0695,2020
HINDUNILVR,INE030A01027,0,0,0,0,0,2353.5,4,,6314.2597,3099.7403,49.0911,2020
HONAUT,INE671A01010,1,33819.75,34400.6,580.85,1.7175,0,0,,0,0,0,2020
IDFCFIRSTB,INE092T01019,0,0,0,0,0,83.07,593,,20641.15,28619.36,138.652,2020
INDIGO,INE646L01027,6,5966,10150.2,4184.2,70.1341,0,0,,0,0,0,2020
ITC,INE154A01025,0,0,0,0,0,334.75,75,,13619.1,11487.15,84.3459,2020
JPASSOCIAT-T,INE455F01025,244,1812.3,1119.96,-692.34,-38.2023,0,0,,0,0,0,2020
KOKUYOCMLN,INE760A01029,3,368.1,241.5,-126.6,-34.3928,0,0,,0,0,0,2020
LGBBROSLTD,INE337A01034,3,1457.3,1030.8,-426.5,-29.2665,0,0,,0,0,0,2020
MARUTI,INE585B01010,0,0,0,0,0,16152,3,,18821,29635,157.4571,2020
MINDACORP,INE842C01021,0,0,0,0,0,569.05,19,,2935.95,7876,268.2607,2020
M&M,INE101A01026,5,3679.3,3191.5,-487.8,-13.258,0,0,,0,0,0,2020
MOTHERSON,INE775A01035,50,3402.5,3220,-182.5,-5.3637,0,0,,0,0,0,2020
NBCC,INE095N01031,0,0,0,0,0,105.2,86,,3401.85,5645.35,165.9494,2020
NESTLEIND,INE239A01024,0,0,0,0,0,1307.5,1,,10162,-8854.5,-87.1334,2020
PATANJALI,INE619A01035,4,2205,2827.8,622.8,28.2449,0,0,,0,0,0,2020
PEL,INE140A01024,0,0,0,0,0,1124.6,8,,15016.2,-6019.4,-40.086,2020
PGHH,INE179A01014,1,10468.35,10083.05,-385.3,-3.6806,0,0,,0,0,0,2020
PIDILITIND,INE318A01026,3,3786.25,3937.05,150.8,3.9828,0,0,,0,0,0,2020
RADICO,INE944F01028,20,5910.15,7462,1551.85,26.2574,0,0,,0,0,0,2020
RAIN,INE855B01025,3,253.5,253.8,0.3,0.1183,144.78,177,,16158.55,9467.51,58.5913,2020
RANEHOLDIN,INE384A01010,0,0,0,0,0,1309.2,3,,6190.6,-2263,-36.5554,2020
RELIANCE,INE002A01018,0,0,0,0,0,1458.8,16,,18855.3,4485.5,23.7891,2020
RUCHISOYA,INE619A01027,0,0,0,0,0,3.35,400,,2205,-865,-39.229,2020
SPICEJET,INE285B01017,93,6268.8,6756.45,487.65,7.779,0,0,,0,0,0,2020
SPTL-Z,INE501W01021,160,7462.7,304,-7158.7,-95.9264,0,0,,0,0,0,2020
TATAELXSI,INE670A01012,10,7723.25,10025.3,2302.05,29.8068,0,0,,0,0,0,2020
TATAMTRDVR,IN9155A01020,27,791.75,930.15,138.4,17.4803,0,0,,0,0,0,2020
TATASTEEL,INE081A01020,7,2074.85,2125.05,50.2,2.4195,0,0,,0,0,0,2020
TCS,INE467B01029,0,0,0,0,0,3192.5,4,,7569.8,5200.2,68.6967,2020
TIRUMALCHM,INE338A01024,69,4919.65,4654.05,-265.6,-5.3988,0,0,,0,0,0,2020
TITAN,INE280A01028,4,3211,4246.6,1035.6,32.2516,0,0,,0,0,0,2020
TMPV,INE155A01022,0,0,0,0,0,349.8,21,,4527.05,2818.75,62.2646,2020
TRENT,INE849A01020,6,2265.85,3492.3,1226.45,54.1276,0,0,,0,0,0,2020
VIPIND,INE054A01027,0,0,0,0,0,363.1,46,,13057.85,3644.75,27.9123,2020
YESBANK,INE528G01035,128,16560.9,1920,-14640.9,-88.4064,0,0,,0,0,0,2020
ABBOTINDIA,INE358A01014,0,0,0,0,0,27899.65,2,,22289.8,33509.5,150.3356,2022
ABCAPITAL,INE674K01013,150,16834.75,15082.5,-1752.25,-10.4085,0,0,,0,0,0,2022
ABFRL,INE647O01011,34,4509.5,11166.6,6657.1,147.6239,72.8,78,,12661.25,-6982.85,-55.1513,2022
AFFLE,INE00WC01027,0,0,0,0,0,1734.2,30,,30783.55,21242.45,69.0058,2022
ALOKINDS,INE270A01029,181,5786.5,5095.15,-691.35,-11.9476,0,0,,0,0,0,2022
AMBIKCO,INE540G01014,0,0,0,0,0,1215,16,,23840.85,-4400.85,-18.4593,2022
AMRUTANJAN,INE098F01031,4,2852.55,2948.2,95.65,3.3531,0,0,,0,0,0,2022
ASIANPAINT,INE021A01026,0,0,0,0,0,2815.35,14,,29458.75,9956.15,33.7969,2022
ASTRAL,INE006I01046,0,0,0,0,0,1462.6,9,,17785.95,-4622.55,-25.9899,2022
AUROPHARMA,INE406A01037,15,8341.1,8371.15,30.05,0.3603,0,0,,0,0,0,2022
BAJFINANCE,INE296A01032,0,0,0,0,0,946.1,1,,6384.85,-5438.75,-85.1821,2022
BILNCD2021-N3,INE216A08027,0,0,0,0,0,30.22,6,,0,181.32,0,2022
BIOCON,INE376G01013,3,1069.7,1140.75,71.05,6.642,0,0,,0,0,0,2022
BRITANNIA,INE216A01030,0,0,0,0,0,5906.5,6,,16214,19225,118.5704,2022
BRITANNIA-N2,INE216A07052,0,0,0,0,0,32.2,5,,0,161,0,2022
DEVYANI,INE872J01023,0,0,0,0,0,134.79,96,,16250.65,-3310.81,-20.3734,2022
GRWRHITECH,INE291A01017,0,0,0,0,0,2915.7,10,,6346,22811,359.4548,2022
HDFCLIFE,INE795G01014,0,0,0,0,0,743.2,39,,20450.15,8534.65,41.7339,2022
HINDUNILVR,INE030A01027,0,0,0,0,0,2353.5,13,,25783.1597,4812.3403,18.6647,2022
HONAUT,INE671A01010,1,32440,41335.05,8895.05,27.42,0,0,,0,0,0,2022
IDFCFIRSTB,INE092T01019,869,32877.75,31772,-1105.75,-3.3632,0,0,,0,0,0,2022
INFY,INE009A01021,0,0,0,0,0,1599.8,10,,13973.4,2024.6,14.489,2022
IRCTC,INE335Y01020,11,8694.45,7925.5,-768.95,-8.8441,0,0,,0,0,0,2022
ITC,INE154A01025,20,4440.85,6556,2115.15,47.6294,334.75,71,,12476.85,11290.4,90.4908,2022
LTTS,INE010V01017,4,13255.85,13697.8,441.95,3.334,0,0,,0,0,0,2022
MANAPPURAM,INE522D01027,28,3550.45,3203.2,-347.25,-9.7805,0,0,,0,0,0,2022
MARUTI,INE585B01010,3,17842.35,25800,7957.65,44.5998,0,0,,0,0,0,2022
MCX,INE745G01043,0,0,0,0,0,2418.05,21,,26097.75,24681.3,94.5725,2022
METROPOLIS,INE112L01020,10,17597.9,15759.4,-1838.5,-10.4473,0,0,,0,0,0,2022
NAUKRI,INE663F01032,3,12704.5,11705.05,-999.45,-7.8669,1306.35,3,,11728,-7808.95,-66.5838,2022
NESTLEIND,INE239A01024,1,10162,19913.9,9751.9,95.9644,0,0,,0,0,0,2022
NYKAA,INE388Y01029,3,4271.25,4076.25,-195,-4.5654,0,0,,0,0,0,2022
PAUSHAKLTD,INE111F01024,0,0,0,0,0,559.55,3,,27199.85,-25521.2,-93.8285,2022
RAIN,INE855B01025,0,0,0,0,0,144.78,243,,26083.85,9097.69,34.8786,2022
RELIANCE,INE002A01018,0,0,0,0,0,1458.8,26,,41775.75,-3846.95,-9.2086,2022
RUCHISOYA,INE619A01027,0,0,0,0,0,3.35,400,,2205,-865,-39.229,2022
SBICARD,INE018E01016,0,0,0,0,0,846.6,35,,27121.15,2509.85,9.2542,2022
SGBAPR28I-GB,IN0020200062,0,0,0,0,0,16495.41,2,,9700,23290.82,240.1115,2022
SGBAUG30-GB,IN0020220078,0,0,0,0,0,17465.63,4,,20268,49594.52,244.6937,2022
TARSONS,INE144Z01023,0,0,0,0,0,217.26,22,,16172.5,-11392.78,-70.4454,2022
TATASTEEL,INE081A01020,20,2087,1956,-131,-6.277,189.25,75,,7686.5,6507.25,84.6582,2022
TCS,INE467B01029,0,0,0,0,0,3192.5,9,,23388.85,5343.65,22.847,2022
TITAN,INE280A01028,3,5949.2,8216.1,2266.9,38.1043,0,0,,0,0,0,2022
TRENT,INE849A01020,1,1010.3,1029.25,18.95,1.8757,0,0,,0,0,0,2022
VAIBHAVGBL,INE884A01027,0,0,0,0,0,221.45,66,,22518.55,-7902.85,-35.0948,2022
VIPIND,INE054A01027,46,13057.85,30875.1,17817.25,136.4486,0,0,,0,0,0,2022
ANGELONE,INE732I01013,55,89282.15,146730.45,57448.3,64.3447,2525.4,64,,156813.25,4812.35,3.0688,2024
AWFIS,INE108V01019,1,715,708.05,-6.95,-0.972,0,0,,0,0,0,2024
BAJFINANCE,INE296A01032,32,211760.3,233552.55,21792.25,10.291,0,0,,0,0,0,2024
BECTORFOOD,INE495P01020,14,19349.75,18671.75,-678,-3.5039,231.75,42,,74687.4,-64953.9,-86.9677,2024
BIKAJI,INE00E101023,0,0,0,0,0,699.25,73,,57835.35,-6790.1,-11.7404,2024
BILNCD2021-N3,INE216A08027,0,0,0,0,0,30.22,6,,0,181.32,0,2024
BLS,INE153T01027,12,4111.9,4119,7.1,0.1727,306.8,100,,38478.85,-7798.85,-20.2679,2024
BRITANNIA-N2,INE216A07052,0,0,0,0,0,32.2,5,,0,161,0,2024
CDSL,INE736A01011,116,146904.55,234189.3,87284.75,59.416,0,0,,0,0,0,2024
CENTURYPLY,INE348B01021,162,101444.6,118889.55,17444.95,17.1965,0,0,,0,0,0,2024
CMSINFO,INE925R01014,0,0,0,0,0,330.75,298,,118821.1,-20257.6,-17.0488,2024
DREAMFOLKS,INE0JS101016,210,102796.1,88804.8,-13991.3,-13.6107,0,0,,0,0,0,2024
DRREDDY,INE089A01031,8,48568.95,50368,1799.05,3.7041,0,0,,0,0,0,2024
EIDPARRY,INE126A01031,0,0,0,0,0,944.35,263,,171200.05,77164,45.0724,2024
ELECON,INE205B01031,96,62040.8,99641.65,37600.85,60.6066,0,0,,0,0,0,2024
EMSLIMITED,INE0OV601013,30,13055.5,13720.5,665,5.0936,0,0,,0,0,0,2024
FAZE3Q,INE963C01033,5,2371.75,2216.25,-155.5,-6.5563,0,0,,0,0,0,2024
FEDFINA,INE007N01010,0,0,0,0,0,176.4,1311,,148876.49,82383.91,55.3371,2024
FUSION,INE139R01012,70,31858.85,31010,-848.85,-2.6644,0,0,,0,0,0,2024
GANDHAR,INE717W01049,50,10924,10962.5,38.5,0.3524,0,0,,0,0,0,2024
GRAVITA,INE024L01027,34,30298.5,31578.3,1279.8,4.224,0,0,,0,0,0,2024
HOMEFIRST,INE481N01025,0,0,0,0,0,1082.6,200,,177607.1,38912.9,21.9095,2024
IDFCFIRSTB,INE092T01019,208,14726.32,13465.7,-1260.62,-8.5603,0,0,,0,0,0,2024
INE02ID01020,,0,0,0,0,0,0,44,,0,0,0,2024
KEI,INE878B01027,51,120752.8,198588.95,77836.15,64.4591,0,0,,0,0,0,2024
KIRLOSENG,INE146L01010,66,25743.2,63447.05,37703.85,146.4614,1167.1,149,,94869.85,79028.05,83.3015,2024
KPITTECH,INE04I401011,0,0,0,0,0,1179.4,155,,182031.3,775.7,0.4261,2024
LIKHITHA,INE060901027,70,17585.3,24762.5,7177.2,40.8136,0,0,,0,0,0,2024
LIQUIDCASE-F,INF0R8F01034,2250,229906.35,232572.26,2665.91,1.1596,0,0,,0,0,0,2024
LTIM,INE214T01019,3,14110.45,14653.9,543.45,3.8514,0,0,,0,0,0,2024
MASFIN,INE348L01012,0,0,0,0,0,311.15,687,,202149.4,11610.65,5.7436,2024
METROBRAND,INE317I01021,0,0,0,0,0,1101.6,148,,191219.15,-28182.35,-14.7382,2024
MUTHOOTMF,INE046W01019,100,22366,22199.05,-166.95,-0.7464,188.74,618,,140348.8,-23707.48,-16.8918,2024
NH,INE410P01011,31,37472.3,37643.95,171.65,0.4581,0,0,,0,0,0,2024
NUVAMA,INE531F01023,0,0,0,0,0,1435,8,,50301.55,-38821.55,-77.1776,2024
PATANJALI,INE619A01035,107,125376.1,148062.7,22686.6,18.0948,0,0,,0,0,0,2024
PERSISTENT,INE262H01021,0,0,0,0,0,6274,45,,122900,159430,129.7234,2024
PNGJL,INE953R01016,0,0,0,0,0,589.35,85,,59870,-9775.25,-16.3275,2024
POLYCAB,INE455K01017,6,26552.75,39780.6,13227.85,49.8173,0,0,,0,0,0,2024
PSPPROJECT,INE488V01015,93,70145.65,61105.35,-9040.3,-12.8879,0,0,,0,0,0,2024
RAYMOND,INE301A01014,62,108549.8036,115195.35,6645.5464,6.1221,0,0,,0,0,0,2024
RAYMONDLSL,INE02ID01020,0,0,0,0,0,945.1,95,,120454.4464,-30669.9464,-25.4619,2024
RUCHISOYA,INE619A01027,0,0,0,0,0,3.35,400,,2205,-865,-39.229,2024
SAFARI,INE429E01023,10,22510,22130.4,-379.6,-1.6864,2079.5,83,,193121.3,-20522.8,-10.6269,2024
SGBAPR28I-GB,IN0020200062,0,0,0,0,0,16495.41,10,,56300.06,108654.04,192.991,2024
SGBAUG30-GB,IN0020220078,0,0,0,0,0,17465.63,15,,84078.2,177906.25,211.5962,2024
SONACOMS,INE073K01018,0,0,0,0,0,461.7,214,,123532.4,-24728.6,-20.0179,2024
SULA,INE142Q01026,20,10897.6,9550,-1347.6,-12.366,194.5,395,,210208.95,-133381.45,-63.4518,2024
THOMASCOTT,INE480M01011,11,2910,2608.65,-301.35,-10.3557,0,0,,0,0,0,2024
TIPSMUSIC,INE716B01029,25,3835.3,16067.05,12231.75,318.9255,519.25,311,,112196.4,49290.35,43.9322,2024
ABBOTINDIA,INE358A01014,0,0,0,0,0,27899.65,2,,22289.8,33509.5,150.3356,2021
ABCAPITAL,INE674K01013,0,0,0,0,0,358.7,118,,13544.95,28781.65,212.4899,2021
ABFRL,INE647O01011,0,0,0,0,0,72.8,97,,13560.75,-6499.15,-47.9262,2021
ALOKINDS,INE270A01029,0,0,0,0,0,15.82,161,,5294.5,-2747.48,-51.8931,2021
ASIANPAINT,INE021A01026,0,0,0,0,0,2815.35,9,,14557.45,10780.7,74.0562,2021
AUROPHARMA,INE406A01037,0,0,0,0,0,1180.25,1,,664,516.25,77.7485,2021
BILNCD2021-N3,INE216A08027,0,0,0,0,0,30.22,6,,0,181.32,0,2021
BIOCON,INE376G01013,0,0,0,0,0,379.05,1,,349.9,29.15,8.331,2021
BRITANNIA,INE216A01030,0,0,0,0,0,5906.5,6,,16214,19225,118.5704,2021
BRITANNIA-N2,INE216A07052,0,0,0,0,0,32.2,5,,0,161,0,2021
DELTACORP,INE124G01033,25,1609.8,4475,2865.2,177.9848,0,0,,0,0,0,2021
GMBREW,INE075D01018,20,9669.8,11602.35,1932.55,19.9854,0,0,,0,0,0,2021
HDFCLIFE,INE795G01014,0,0,0,0,0,743.2,17,,8830.95,3803.45,43.0695,2021
HINDUNILVR,INE030A01027,0,0,0,0,0,2353.5,4,,6314.2597,3099.7403,49.0911,2021
IDFCFIRSTB,INE092T01019,0,0,0,0,0,83.07,723,,26979.15,33080.46,122.6149,2021
ITC,INE154A01025,0,0,0,0,0,334.75,91,,16917.7,13544.55,80.0614,2021
MARUTI,INE585B01010,1,7700,6934,-766,-9.9481,16152,2,,11121,21183,190.4775,2021
MINDACORP,INE842C01021,19,2935.95,2489.9,-446.05,-15.1927,0,0,,0,0,0,2021
NBCC,INE095N01031,86,3401.85,4579.5,1177.65,34.6179,0,0,,0,0,0,2021
NESTLEIND,INE239A01024,0,0,0,0,0,1307.5,1,,10162,-8854.5,-87.1334,2021
PEL,INE140A01024,8,15016.2,15131.6,115.4,0.7685,0,0,,0,0,0,2021
RAIN,INE855B01025,0,0,0,0,0,144.78,207,,20073.05,9896.41,49.302,2021
RANEHOLDIN,INE384A01010,3,6190.6,1906.05,-4284.55,-69.2106,0,0,,0,0,0,2021
RELIANCE,INE002A01018,0,0,0,0,0,1458.8,18,,22716.1,3542.3,15.5938,2021
RUCHISOYA,INE619A01027,0,0,0,0,0,3.35,400,,2205,-865,-39.229,2021
TCS,INE467B01029,0,0,0,0,0,3192.5,4,,7569.8,5200.2,68.6967,2021
TMPV,INE155A01022,42,9686.75,10685.85,999.1,10.3141,0,0,,0,0,0,2021
VIPIND,INE054A01027,0,0,0,0,0,363.1,46,,13057.85,3644.75,27.9123,2021
ABBOTINDIA,INE358A01014,2,22289.8,45349.35,23059.55,103.4534,0,0,,0,0,0,2023
ABFRL,INE647O01011,125,24237.75,26443.75,2206,9.1015,0,0,,0,0,0,2023
AFFLE,INE00WC01027,40,40239.3,39234,-1005.3,-2.4983,0,0,,0,0,0,2023
AMBIKCO,INE540G01014,16,23840.85,24098.25,257.4,1.0797,0,0,,0,0,0,2023
ANGELONE,INE732I01013,0,0,0,0,0,2525.4,64,,108469.4,53156.2,49.0057,2023
APARINDS,INE372A01015,1,3779.3,4905.05,1125.75,29.7873,0,0,,0,0,0,2023
APTUS,INE852O01025,289,76170.1,77523.85,1353.75,1.7773,0,0,,0,0,0,2023
ASIANPAINT,INE021A01026,16,35022.8,53991.5,18968.7,54.161,0,0,,0,0,0,2023
ASTRAL,INE006I01046,16,23479.3,30556.85,7077.55,30.1438,0,0,,0,0,0,2023
BAJFINANCE,INE296A01032,0,0,0,0,0,946.1,24,,158383.85,-135677.45,-85.6637,2023
BILNCD2021-N3,INE216A08027,0,0,0,0,0,30.22,6,,0,181.32,0,2023
BRITANNIA,INE216A01030,12,44887.85,53271.45,8383.6,18.6768,0,0,,0,0,0,2023
BRITANNIA-N2,INE216A07052,0,0,0,0,0,32.2,5,,0,161,0,2023
CDSL,INE736A01011,5,4975.15,5218.5,243.35,4.8913,1415.6,96,,108926.9,26970.7,24.7604,2023
CELLO,INE0LMW01024,10,7885,7864.5,-20.5,-0.26,0,0,,0,0,0,2023
CENTURYPLY,INE348B01021,0,0,0,0,0,761.55,104,,61744.5,17456.7,28.2725,2023
DEVYANI,INE872J01023,164,26624,30290.8,3666.8,13.7725,0,0,,0,0,0,2023
DREAMFOLKS,INE0JS101016,0,0,0,0,0,101.9,20,,10970.3,-8932.3,-81.4226,2023
ELECON,INE205B01031,16,8709.2,8865.6,156.4,1.7958,396,82,,47937.3,-15465.3,-32.2615,2023
FACT,INE188A01015,9,4245.7,3890.7,-355,-8.3614,0,0,,0,0,0,2023
FAZE3Q,INE963C01033,0,0,0,0,0,373.45,5,,2371.75,-504.5,-21.2712,2023
GLENMARK,INE935A01035,5,4077.25,3852.05,-225.2,-5.5233,0,0,,0,0,0,2023
GOLDIAM,INE025B01025,325,45340.3,40952.6,-4387.7,-9.6773,0,0,,0,0,0,2023
GRWRHITECH,INE291A01017,52,32531.8,40538.9,8007.1,24.6131,0,0,,0,0,0,2023
HDFCLIFE,INE795G01014,39,20450.15,18909.15,-1541,-7.5354,0,0,,0,0,0,2023
HINDUNILVR,INE030A01027,13,25783.1597,35696.4,9913.2403,38.4485,0,0,,0,0,0,2023
HOMEFIRST,INE481N01025,0,0,0,0,0,1082.6,119,,95067,33762.4,35.5143,2023
IDFCFIRSTB,INE092T01019,130,11747.75,11268.63,-479.12,-4.0784,0,0,,0,0,0,2023
INFOBEAN,INE344S01016,7,3211.65,3270.05,58.4,1.8184,0,0,,0,0,0,2023
INFY,INE009A01021,32,42349.7,42310.5,-39.2,-0.0926,0,0,,0,0,0,2023
IONEXCHANG,INE570A01022,95,44407.05,44212.6,-194.45,-0.4379,0,0,,0,0,0,2023
ITC,INE154A01025,71,12476.85,29556.85,17080,136.8935,0,0,,0,0,0,2023
JBMA,INE927D01051,2,2711,3064,353,13.021,0,0,,0,0,0,2023
JIOFIN,INE758E01017,49,6120.3452,10299.8,4179.4548,68.2879,0,0,,0,0,0,2023
KEI,INE878B01027,3,5158.5,6666.3,1507.8,29.2294,4385.7,47,,108043.5,98084.4,90.7823,2023
KIRLOSBROS,INE732A01036,4,3379,3414.3,35.3,1.0447,0,0,,0,0,0,2023
KIRLOSENG,INE146L01010,0,0,0,0,0,1167.1,168,,73243.15,122829.65,167.7012,2023
KPITTECH,INE04I401011,0,0,0,0,0,1179.4,113,,121619.95,11652.25,9.5809,2023
MASFIN,INE348L01012,0,0,0,0,0,311.15,126,,111285.15,-72080.25,-64.7708,2023
MAZDOCK,INE249Z01020,3,5466.9,5512.35,45.45,0.8314,0,0,,0,0,0,2023
MCX,INE745G01043,21,26097.75,30875.75,4778,18.3081,0,0,,0,0,0,2023
MEGASTAR-T,INE00EM01016,126,33576.2,34203.6,627.4,1.8686,0,0,,0,0,0,2023
MOTILALOFS,INE338I01027,55,34598.05,37950,3351.95,9.6883,0,0,,0,0,0,2023
NAUKRI,INE663F01032,4,15361.95,14767.6,-594.35,-3.869,0,0,,0,0,0,2023
NEULANDLAB,INE794A01010,1,3800.95,3916.35,115.4,3.0361,0,0,,0,0,0,2023
OLECTRA,INE260D01016,2,2260.2,2086,-174.2,-7.7073,0,0,,0,0,0,2023
PAGEIND,INE761H01022,3,111907.95,112907.8,999.85,0.8935,0,0,,0,0,0,2023
PATANJALI,INE619A01035,10,9786,11550,1764,18.0258,543.9,100,,114629.85,-60239.85,-52.5516,2023
PAUSHAKLTD,INE111F01024,3,27199.85,21528.1,-5671.75,-20.8521,0,0,,0,0,0,2023
PERSISTENT,INE262H01021,0,0,0,0,0,6274,20,,102665.7,22814.3,22.2219,2023
POLYCAB,INE455K01017,4,20191.8,20349.4,157.6,0.7805,0,0,,0,0,0,2023
PSPPROJECT,INE488V01015,0,0,0,0,0,830.8,87,,65942.35,6337.25,9.6103,2023
RAIN,INE855B01025,243,26083.85,37215.45,11131.6,42.6762,0,0,,0,0,0,2023
RAYMOND,INE301A01014,0,0,0,0,0,403.2,37,,60890.85,-45972.45,-75.4998,2023
RELIANCE,INE002A01018,34,57748.9548,78980.45,21231.4952,36.7652,0,0,,0,0,0,2023
RKFORGE,INE399G01023,8,4702.8,5268.8,566,12.0354,0,0,,0,0,0,2023
RUCHISOYA,INE619A01027,0,0,0,0,0,3.35,400,,2205,-865,-39.229,2023
SBICARD,INE018E01016,35,27121.15,25725.05,-1396.1,-5.1476,0,0,,0,0,0,2023
SGBAPR28I-GB,IN0020200062,0,0,0,0,0,16495.41,10,,56300.06,108654.04,192.991,2023
SGBAUG30-GB,IN0020220078,0,0,0,0,0,17465.63,15,,84078.2,177906.25,211.5962,2023
SONACOMS,INE073K01018,0,0,0,0,0,461.7,150,,82301.95,-13046.95,-15.8525,2023
SULA,INE142Q01026,54,24868.3,25125.4,257.1,1.0338,0,0,,0,0,0,2023
TARSONS,INE144Z01023,45,29807.65,26068.15,-3739.5,-12.5454,0,0,,0,0,0,2023
TATAELXSI,INE670A01012,1,6167.8,6215.15,47.35,0.7677,0,0,,0,0,0,2023
TATASTEEL,INE081A01020,75,7686.5,7811.4,124.9,1.6249,0,0,,0,0,0,2023
TCS,INE467B01029,9,23388.85,28080.8,4691.95,20.0606,0,0,,0,0,0,2023
TIPSMUSIC,INE716B01029,0,0,0,0,0,519.25,209,,52847.85,55675.4,105.3504,2023
TITAGARH,INE615H01020,7,4550,4938.2,388.2,8.5319,0,0,,0,0,0,2023
VAIBHAVGBL,INE884A01027,79,26381.65,25039.6,-1342.05,-5.0871,0,0,,0,0,0,2023
ZENSARTECH,INE520A01027,7,3423.7,3591.7,168,4.907,0,0,,0,0,0,2023
ZENTEC,INE251B01027,5,4033.5,4155.25,121.75,3.0185,0,0,,0,0,0,2023
ANGELONE,INE732I01013,34,86626.5,86835.1,208.6,0.2408,2525.4,33,,77915.6,5422.6,6.9596,2025
ASIANPAINT,INE021A01026,2,4462.9,4455.2,-7.7,-0.1725,0,0,,0,0,0,2025
ATHERENERG,INE0LEZ01016,7,4562.95,4687.55,124.6,2.7307,0,0,,0,0,0,2025
BECTORFOOD,INE495P01020,0,0,0,0,0,231.75,300,,101381.95,-31856.95,-31.4227,2025
BIKAJI,INE00E101023,104,78588.1,78565.05,-23.05,-0.0293,0,0,,0,0,0,2025
BILNCD2021-N3,INE216A08027,0,0,0,0,0,30.22,6,,0,181.32,0,2025
BLS,INE153T01027,200,79550,62845,-16705,-20.9994,0,0,,0,0,0,2025
BLUESTARCO,INE472A01039,57,91657.55,100210.25,8552.7,9.3311,0,0,,0,0,0,2025
BRITANNIA-N2,INE216A07052,0,0,0,0,0,32.2,5,,0,161,0,2025
BSE,INE118H01025,10,25017.2,24427,-590.2,-2.3592,0,0,,0,0,0,2025
C2C-SM,INE0U7V01015,0,0,0,0,0,447.3,150,,102300,-35205,-34.4135,2025
CDSL,INE736A01011,30,39568,51315,11747,29.6881,0,0,,0,0,0,2025
CMSINFO,INE925R01014,334,134992.35,140664.25,5671.9,4.2016,0,0,,0,0,0,2025
EFCIL,INE886D01026,0,0,0,0,0,281.05,258,,74661,-2150.1,-2.8798,2025
EIDPARRY,INE126A01031,0,0,0,0,0,944.35,327,,235494.8,73307.65,31.1292,2025
ETERNAL,INE758T01015,0,0,0,0,0,299.25,5,,1414.15,82.1,5.8056,2025
FEDFINA,INE007N01010,0,0,0,0,0,176.4,1665,,192453.98,101252.02,52.611,2025
GSMFOILS-SM,INE0SQY01018,0,0,0,0,0,207.4,1000,,226400,-19000,-8.3922,2025
GSM-RE-ST,INE0SQY20018,200,5500,10310,4810,87.4545,0,0,,0,0,0,2025
HOMEFIRST,INE481N01025,0,0,0,0,0,1082.6,278,,269817.7,31145.1,11.543,2025
ICEMAKE,INE520Y01019,20,15456,15054.15,-401.85,-2.6,0,0,,0,0,0,2025
IGIL,INE0Q9301021,3,1200.45,1195.35,-5.1,-0.4248,0,0,,0,0,0,2025
INDIGO,INE646L01027,2,8503.1,8543.75,40.65,0.4781,0,0,,0,0,0,2025
INE02ID01020,,0,0,0,0,0,0,44,,0,0,0,2025
INE0SQY20018,,0,0,0,0,0,0,100,,0,0,0,2025
J&KBANK,INE168A01041,116,11700.44,12510.6,810.16,6.9242,0,0,,0,0,0,2025
KIRLOSENG,INE146L01010,0,0,0,0,0,1167.1,204,,144712.35,93376.05,64.5253,2025
KPITTECH,INE04I401011,263,325375.7,322695.85,-2679.85,-0.8236,0,0,,0,0,0,2025
LEHAR-X,INE976H01018,1,272.95,264.15,-8.8,-3.224,0,0,,0,0,0,2025
LUXIND,INE150G01020,3,3982.3,3894,-88.3,-2.2173,0,0,,0,0,0,2025
MANORAMA,INE00VM01036,22,22917.15,24140.3,1223.15,5.3373,1306.5,36,,50142.5,-3108.5,-6.1993,2025
MASFIN,INE348L01012,702,206068.4,219078.7,13010.3,6.3136,0,0,,0,0,0,2025
METROBRAND,INE317I01021,1,1299.45,1144.3,-155.15,-11.9397,1101.6,156,,200454.5,-28604.9,-14.27,2025
MUTHOOTMF,INE046W01019,0,0,0,0,0,188.74,1110,,216917.07,-7415.67,-3.4187,2025
NUVAMA,INE531F01023,9,55504.95,55035,-469.95,-0.8467,0,0,,0,0,0,2025
PCJEWELLER,INE785M01021,250,4152.63,3267.5,-885.13,-21.3149,0,0,,0,0,0,2025
PERSISTENT,INE262H01021,57,188035.4,294363.6,106328.2,56.5469,0,0,,0,0,0,2025
PIIND,INE603J01030,4,13348.6,13824,475.4,3.5614,0,0,,0,0,0,2025
PNGJL,INE953R01016,0,0,0,0,0,589.35,170,,108724.35,-8534.85,-7.85,2025
RAYMONDLSL,INE02ID01020,0,0,0,0,0,945.1,133,,165444.4464,-39746.1464,-24.0239,2025
RUCHISOYA,INE619A01027,0,0,0,0,0,3.35,400,,2205,-865,-39.229,2025
SAFARI,INE429E01023,2,4502.2,4836.4,334.2,7.423,2079.5,89,,205744.05,-20668.55,-10.0458,2025
SGBAPR28I-GB,IN0020200062,1,15075,14701,-374,-2.4809,16495.41,22,,204640.64,158258.38,77.3348,2025
SGBAUG30-GB,IN0020220078,0,0,0,0,0,17465.63,21,,160469.29,206308.94,128.566,2025
SGBDE31III-GB,IN0020230168,0,0,0,0,0,17340.26,1,,12939.9,4400.36,34.0061,2025
SILVERBEES-E,INF204KC1402,0,0,0,0,0,262.84,700,,96703,87285,90.2609,2025
SONACOMS,INE073K01018,224,128334.15,108823.05,-19511.1,-15.2034,0,0,,0,0,0,2025
SULA,INE142Q01026,100,57189.5,24707.5,-32482,-56.7971,194.5,382,,179300.95,-105001.95,-58.5618,2025
THERMAX,INE152A01029,16,60834.1,52416.9,-8417.2,-13.8363,0,0,,0,0,0,2025
THOMASCOTT,INE480M01011,0,0,0,0,0,348.7,49,,17101.2,-14.9,-0.0871,2025
TIMEX,INE064A01026,0,0,0,0,0,315.5,611,,189792.4,2978.1,1.5691,2025
TIPSMUSIC,INE716B01029,0,0,0,0,0,519.25,400,,170199.5,37500.5,22.0333,2025
UJJIVANSFB,INE551W01018,0,0,0,0,0,59,2125,,97281.29,28093.71,28.8788,2025
V2RETAIL,INE945H01013,10,17651,16734,-917,-5.1952,0,0,,0,0,0,2025
VINCOFE,INE498Q01014,0,0,0,0,0,157.95,223,,35418.47,-195.62,-0.5523,2025
WENDT,INE274C01019,1,9380,9030,-350,-3.7313,0,0,,0,0,0,2025
YATHARTH,INE0JO301016,0,0,0,0,0,634.15,16,,10941.2,-794.8,-7.2643,2025
ASIANENE,INE276G01015,0,0,0,0,0,535.1,1,,528.55,6.55,1.2392,2026
ATHERENERG,INE0LEZ01016,0,0,0,0,0,1656,192,,184390.15,133561.85,72.4344,2026
BECTORFOOD,INE495P01020,20,4340,4230,-110,-2.5346,242.55,560,,158475.44,-22647.44,-14.2908,2026
BILNCD2021-N3,INE216A08027,0,0,0,0,0,30.22,6,,0,181.32,0,2026
BRITANNIA-N2,INE216A07052,0,0,0,0,0,32.2,5,,0,161,0,2026
BSE,INE118H01025,0,0,0,0,0,3384,49,,153987.2,11828.8,7.6817,2026
C2C-SM,INE0U7V01015,0,0,0,0,0,212.15,150,,102300,-70477.5,-68.893,2026
EFCIL,INE886D01026,0,0,0,0,0,185.18,520,,141349.13,-45055.53,-31.8754,2026
EFCIL-RE-R,INE886D20018,0,0,0,0,0,17.06,39,,0,665.34,0,2026
EIDPARRY,INE126A01031,0,0,0,0,0,721.05,417,,312277.55,-11599.7,-3.7145,2026
ETERNAL,INE758T01015,0,0,0,0,0,323.5,370,,102326.57,17368.43,16.9735,2026
FEDFINA,INE007N01010,0,0,0,0,0,158.53,1850,,219932.95,73347.55,33.35,2026
GEMAROMA,INE06XZ01023,0,0,0,0,0,160.87,2,,335.8,-14.06,-4.187,2026
GSMFOILS-SM,INE0SQY01018,1000,226400,203250,-23150,-10.2253,0,0,,0,0,0,2026
GVT&D,INE200A01026,26,124826.5,106284.15,-18542.35,-14.8545,0,0,,0,0,0,2026
HOMEFIRST,INE481N01025,0,0,0,0,0,1184.65,311,,304071.3,64354.85,21.1644,2026
INDIGO,INE646L01027,1,4380,4523.9,143.9,3.2854,0,0,,0,0,0,2026
INE0SQY20018,,0,0,0,0,0,0,100,,0,0,0,2026
INE886D20018,,0,0,0,0,0,0,39,,0,0,0,2026
JAINREC,INE0YD401026,65,21863.2,22028.5,165.3,0.7561,284.7,1,,324.65,-39.95,-12.3056,2026
KARNIKA-SM,INE0MGA01012,0,0,0,0,0,119.25,1000,,123950,-4700,-3.7919,2026
KIRLOSENG,INE146L01010,0,0,0,0,0,2168.6,219,,170350.2,304573.2,178.7924,2026
MANORAMA,INE00VM01036,0,0,0,0,0,2063.45,75,,102290.6,52468.15,51.2932,2026
MCX,INE745G01043,0,0,0,0,0,3276,47,,133405.75,20566.25,15.4163,2026
METROBRAND,INE317I01021,131,166133.65,135365.8,-30767.85,-18.5199,0,0,,0,0,0,2026
MILKYMIST,INE00IT01020,5,1237.35,1239.25,1.9,0.1536,0,0,,0,0,0,2026
MUTHOOTMF,INE046W01019,0,0,0,0,0,196.48,1360,,265890.85,1321.95,0.4972,2026
RAYMONDLSL,INE02ID01020,0,0,0,0,0,693.7,144,,172556.0964,-72663.2964,-42.11,2026
RNITAI-XT,INE335Q01026,0,0,0,0,0,99.93,1001,,73313.15,26716.78,36.442,2026
RUCHISOYA,INE619A01027,0,0,0,0,0,3.35,400,,2205,-865,-39.229,2026
SAFARI,INE429E01023,90,207206.55,145792,-61414.55,-29.6393,0,0,,0,0,0,2026
SGBAPR28I-GB,IN0020200062,0,0,0,0,0,15185,28,,298881.41,126298.59,42.2571,2026
SGBAUG30-GB,IN0020220078,0,0,0,0,0,15200,24,,204625,160175,78.2773,2026
SGMART,INE385F01024,0,0,0,0,0,751.25,107,,76465.35,3918.4,5.1244,2026
SHADOWFAX,INE12UN01015,50,12506.55,12450,-56.55,-0.4522,253.4,209,,51384.21,1576.39,3.0678,2026
SILVERBEES-E,INF204KC1402,1247,218477.36,265782.52,47305.16,21.6522,0,0,,0,0,0,2026
THOMASCOTT,INE480M01011,204,61485.7,63202.65,1716.95,2.7924,0,0,,0,0,0,2026
TIMEX,INE064A01026,0,0,0,0,0,631.7,700,,223585.65,218604.35,97.7721,2026
TIPSMUSIC,INE716B01029,375,176699.2,248539.6,71840.4,40.6569,0,0,,0,0,0,2026
TITAN,INE280A01028,3,12693,12119.7,-573.3,-4.5167,0,0,,0,0,0,2026
UJJIVANSFB,INE551W01018,0,0,0,0,0,65.54,3000,,150403.55,46216.45,30.7283,2026
V2RETAIL,INE945H01021,478,95244.5,105827.29,10582.79,11.1112,0,0,,0,0,0,2026
YATHARTH,INE0JO301016,0,0,0,0,0,966.4,205,,144130.75,53981.25,37.453,2026
ZAGGLE,INE07K301024,9,1833.36,1444.32,-389.04,-21.2201,0,0,,0,0,0,2026
